attraction_in,attraction_in_file
San Francisco,san_francisco.json
Sausalito,sausalito.json
Mill Valley,mill_valley.json
Muir Beach,muir_beach.json
Marin County,marin_county.json
Stinson Beach,stinson_beach.json
South San Francisco,south_san_francisco.json
San Bruno,san_bruno.json
Millbrae,millbrae.json
Burlingame,burlingame.json
San Mateo,san_mateo.json
Foster City,foster_city.json
San Carlos,san_carlos.json
Belmont,belmont.json
Woodside,woodside.json
Mountain View,mountain_view.json
San Jose,san_jose.json
Santa Clara,santa_clara.json
Sunnyvale,sunnyvale.json
Alviso,alviso.json
Morgan Hill,morgan_hill.json
San Martin,san_martin.json
Mount Hamilton,mount_hamilton.json
Gilroy,gilroy.json
Milpitas,milpitas.json
Sunol,sunol.json
Fremont,fremont.json
Hollister,hollister.json
San Juan Bautista,san_juan_bautista.json
Pleasanton,pleasanton.json
Union City,union_city.json
Hayward,hayward.json
Palo Alto,palo_alto.json
Salinas,salinas.json
Dublin,dublin.json
Stanford,stanford.json
Menlo Park,menlo_park.json
San Ramon,san_ramon.json
Danville,danville.json
Atherton,atherton.json
Cupertino,cupertino.json
La Honda,la_honda.json
Oakland,oakland.json
St. Helena,st._helena.json
Rutherford,rutherford.json
Saratoga,saratoga.json
Los Altos,los_altos.json
Los Gatos,los_gatos.json
Pescadero,pescadero.json
Felton,felton.json
Boulder Creek,boulder_creek.json
Castro Valley,castro_valley.json
Alameda,alameda.json
San Leandro,san_leandro.json
Napa,napa.json
San Gregorio,san_gregorio.json
American Canyon,american_canyon.json
Vallejo,vallejo.json
Benicia,benicia.json
Sonoma,sonoma.json
Martinez,martinez.json
Pleasant Hill,pleasant_hill.json
Oakville,oakville.json
Walnut Creek,walnut_creek.json
Calistoga,calistoga.json
Glen Ellen,glen_ellen.json
Santa Rosa,santa_rosa.json
Fulton,fulton.json
Kenwood,kenwood.json
Windsor,windsor.json
Guerneville,guerneville.json
Monte Rio,monte_rio.json
Bodega Bay,bodega_bay.json
Healdsburg,healdsburg.json
Duncans Mills,duncans_mills.json
Forestville,forestville.json
Sebastopol,sebastopol.json
Geyserville,geyserville.json
Rohnert Park,rohnert_park.json
Yountville,yountville.json
Angwin,angwin.json
Deer Park,deer_park.json
Pope Valley,pope_valley.json
Redding,redding.json
Redwood National Park,redwood_national_park.json
Orick,orick.json
Eureka,eureka.json
Crescent City,crescent_city.json
Weott,weott.json
Myers Flat,myers_flat.json
Redway,redway.json
Redcrest,redcrest.json
Garberville,garberville.json
Leggett,leggett.json
Rio Dell,rio_dell.json
Carlotta,carlotta.json
Piercy,piercy.json
Ferndale,ferndale.json
Fortuna,fortuna.json
Loleta,loleta.json
Smith River,smith_river.json
Samoa,samoa.json
Trinidad,trinidad.json
Blue Lake,blue_lake.json
Arcata,arcata.json
McKinleyville,mckinleyville.json
Whiskeytown,whiskeytown.json
Lakehead,lakehead.json
Shasta Lake,shasta_lake.json
Lassen Volcanic National Park,lassen_volcanic_national_park.json
Mount Shasta,mount_shasta.json
McCloud,mccloud.json
Dunsmuir,dunsmuir.json
Castella,castella.json
Cassel,cassel.json
Mineral,mineral.json
Fall River Mills,fall_river_mills.json
Hat Creek,hat_creek.json
Old Station,old_station.json
Burney,burney.json
Susanville,susanville.json
Westwood,westwood.json
Quincy,quincy.json
Taylorsville,taylorsville.json
Portola,portola.json
Blairsden,blairsden.json
Graeagle,graeagle.json
Clio,clio.json
Los Angeles,los_angeles.json
Sierraville,sierraville.json
Soda Springs,soda_springs.json
Norden,norden.json
Sierra City,sierra_city.json
Beverly Hills,beverly_hills.json
Marina del Rey,marina_del_rey.json
Truckee,truckee.json
Culver City,culver_city.json
Newhall,newhall.json
South Lake Tahoe,south_lake_tahoe.json
Santa Clarita,santa_clarita.json
Castaic,castaic.json
Bell Gardens,bell_gardens.json
Gardena,gardena.json
Compton,compton.json
Saugus,saugus.json
Paramount,paramount.json
Hawthorne,hawthorne.json
Bellflower,bellflower.json
El Segundo,el_segundo.json
Inglewood,inglewood.json
Tahoe City,tahoe_city.json
Lakewood,lakewood.json
Burbank,burbank.json
Long Beach,long_beach.json
Calabasas,calabasas.json
Catalina Island,catalina_island.json
West Hollywood,west_hollywood.json
Los Alamitos,los_alamitos.json
Newport Beach,newport_beach.json
Santa Monica,santa_monica.json
Glendale,glendale.json
Malibu,malibu.json
Topanga,topanga.json
Westlake Village,westlake_village.json
Agoura,agoura.json
Simi Valley,simi_valley.json
Fillmore,fillmore.json
Moorpark,moorpark.json
Thousand Oaks,thousand_oaks.json
Santa Paula,santa_paula.json
Newbury Park,newbury_park.json
Camarillo,camarillo.json
Somis,somis.json
Ventura,ventura.json
Ojai,ojai.json
Frazier Park,frazier_park.json
Pine Mountain Club,pine_mountain_club.json
Arvin,arvin.json
Gorman,gorman.json
Lebec,lebec.json
Lake Hughes,lake_hughes.json
Oxnard,oxnard.json
Port Hueneme,port_hueneme.json
Piru,piru.json
Agoura Hills,agoura_hills.json
Manila,manila.json
Cantil,cantil.json
Boron,boron.json
Ridgecrest,ridgecrest.json
Edwards,edwards.json
Rosamond,rosamond.json
China Lake,china_lake.json
Lancaster,lancaster.json
Trona,trona.json
Littlerock,littlerock.json
Pearblossom,pearblossom.json
Palmdale,palmdale.json
Azusa,azusa.json
Glendora,glendora.json
Wrightwood,wrightwood.json
Mount Baldy,mount_baldy.json
Covina,covina.json
Phelan,phelan.json
Irwindale,irwindale.json
Alta Loma,alta_loma.json
Victorville,victorville.json
Rancho Cucamonga,rancho_cucamonga.json
Arcadia,arcadia.json
Apple Valley,apple_valley.json
El Monte,el_monte.json
Sierra Madre,sierra_madre.json
Montebello,montebello.json
South El Monte,south_el_monte.json
Adelanto,adelanto.json
Whittier,whittier.json
Oro Grande,oro_grande.json
Monterey Park,monterey_park.json
Barstow,barstow.json
South Pasadena,south_pasadena.json
Hacienda Heights,hacienda_heights.json
Pasadena,pasadena.json
San Marino,san_marino.json
La Habra,la_habra.json
City of Industry,city_of_industry.json
Yorba Linda,yorba_linda.json
Chino Hills,chino_hills.json
Irvine,irvine.json
Placentia,placentia.json
Chino,chino.json
San Gabriel,san_gabriel.json
Altadena,altadena.json
Pomona,pomona.json
La Canada Flintridge,la_canada_flintridge.json
La Verne,la_verne.json
Monrovia,monrovia.json
Anaheim,anaheim.json
Costa Mesa,costa_mesa.json
Cypress,cypress.json
Buena Park,buena_park.json
Orange,orange.json
Laguna Beach,laguna_beach.json
Laguna Hills,laguna_hills.json
Aliso Viejo,aliso_viejo.json
Lake Forest,lake_forest.json
Laguna Niguel,laguna_niguel.json
Mission Viejo,mission_viejo.json
Rancho Santa Margarita,rancho_santa_margarita.json
Dana Point,dana_point.json
Santa Ana,santa_ana.json
Tustin,tustin.json
Santa Margarita,santa_margarita.json
Atascadero,atascadero.json
Corona del Mar,corona_del_mar.json
Templeton,templeton.json
San Juan Capistrano,san_juan_capistrano.json
San Clemente,san_clemente.json
Paso Robles,paso_robles.json
San Miguel,san_miguel.json
San Luis Obispo,san_luis_obispo.json
Pismo Beach,pismo_beach.json
Arroyo Grande,arroyo_grande.json
Avila Beach,avila_beach.json
Nipomo,nipomo.json
Solvang,solvang.json
Santa Maria,santa_maria.json
Orcutt,orcutt.json
Grover Beach,grover_beach.json
Los Osos,los_osos.json
Oceano,oceano.json
Morro Bay,morro_bay.json
Cambria,cambria.json
San Simeon,san_simeon.json
Harmony,harmony.json
Cayucos,cayucos.json
Los Olivos,los_olivos.json
Santa Ynez,santa_ynez.json
Buellton,buellton.json
Santa Barbara,santa_barbara.json
Goleta,goleta.json
Summerland,summerland.json
Carpinteria,carpinteria.json
Montecito,montecito.json
Lompoc,lompoc.json
Isla Vista,isla_vista.json
Fountain Valley,fountain_valley.json
Westminster,westminster.json
Garden Grove,garden_grove.json
Trabuco Canyon,trabuco_canyon.json
Silverado,silverado.json
Fullerton,fullerton.json
Huntington Beach,huntington_beach.json
La Mirada,la_mirada.json
Santa Fe Springs,santa_fe_springs.json
Cerritos,cerritos.json
Norwalk,norwalk.json
Seal Beach,seal_beach.json
Balboa Island,balboa_island.json
Hesperia,hesperia.json
Twin Peaks,twin_peaks.json
Skyforest,skyforest.json
Lake Arrowhead,lake_arrowhead.json
San Bernardino,san_bernardino.json
Crestline,crestline.json
Highland,highland.json
Loma Linda,loma_linda.json
Colton,colton.json
Riverside,riverside.json
Redlands,redlands.json
Moreno Valley,moreno_valley.json
Perris,perris.json
Menifee,menifee.json
Beaumont,beaumont.json
Cherry Valley,cherry_valley.json
Banning,banning.json
Cabazon,cabazon.json
Oak Glen,oak_glen.json
Palm Springs,palm_springs.json
Yucaipa,yucaipa.json
Palm Desert,palm_desert.json
Cathedral City,cathedral_city.json
Desert Hot Springs,desert_hot_springs.json
Rancho Mirage,rancho_mirage.json
Indian Wells,indian_wells.json
Indio,indio.json
La Quinta,la_quinta.json
Coachella,coachella.json
Thermal,thermal.json
Mecca,mecca.json
Chiriaco Summit,chiriaco_summit.json
Joshua Tree,joshua_tree.json
Joshua Tree National Park,joshua_tree_national_park.json
Twentynine Palms,twentynine_palms.json
Yucca Valley,yucca_valley.json
Pioneertown,pioneertown.json
Shafter,shafter.json
Mc Farland,mc_farland.json
Bakersfield,bakersfield.json
Delano,delano.json
Allensworth,allensworth.json
Tulare,tulare.json
Lindsay,lindsay.json
Exeter,exeter.json
Visalia,visalia.json
Traver,traver.json
Porterville,porterville.json
Three Rivers,three_rivers.json
Lemon Cove,lemon_cove.json
Hanford,hanford.json
Dinuba,dinuba.json
Kingsburg,kingsburg.json
Sanger,sanger.json
Clovis,clovis.json
Fresno,fresno.json
Sequoia and Kings Canyon National Park,sequoia_and_kings_canyon_national_park.json
Dunlap,dunlap.json
Madera,madera.json
Chowchilla,chowchilla.json
Le Grand,le_grand.json
Merced,merced.json
Stevinson,stevinson.json
Turlock,turlock.json
Hilmar,hilmar.json
Modesto,modesto.json
Escalon,escalon.json
Riverbank,riverbank.json
Oakdale,oakdale.json
Ripon,ripon.json
Manteca,manteca.json
Lathrop,lathrop.json
Tracy,tracy.json
Vernalis,vernalis.json
Stockton,stockton.json
Atwater,atwater.json
Los Banos,los_banos.json
Santa Nella,santa_nella.json
Gustine,gustine.json
California Hot Springs,california_hot_springs.json
Wofford Heights,wofford_heights.json
Kernville,kernville.json
Bodfish,bodfish.json
Weldon,weldon.json
Lake Isabella,lake_isabella.json
Camp Nelson,camp_nelson.json
Ponderosa,ponderosa.json
Taft,taft.json
Maricopa,maricopa.json
Lost Hills,lost_hills.json
Cholame,cholame.json
Thousand Palms,thousand_palms.json
Needles,needles.json
Idyllwild,idyllwild.json
Anza,anza.json
Palomar Mountain,palomar_mountain.json
Aguanga,aguanga.json
Valley Center,valley_center.json
Pauma Valley,pauma_valley.json
Escondido,escondido.json
Pala,pala.json
Rancho Bernardo,rancho_bernardo.json
San Marcos,san_marcos.json
Poway,poway.json
San Diego,san_diego.json
La Jolla,la_jolla.json
Channel Islands National Park,channel_islands_national_park.json
La Mesa,la_mesa.json
Bonsall,bonsall.json
Vista,vista.json
Oceanside,oceanside.json
Imperial Beach,imperial_beach.json
Chula Vista,chula_vista.json
Coronado,coronado.json
National City,national_city.json
Bonita,bonita.json
Santee,santee.json
Lakeside,lakeside.json
El Cajon,el_cajon.json
Ramona,ramona.json
Alpine,alpine.json
Jamul,jamul.json
Descanso,descanso.json
Tijuana,tijuana.json
Julian,julian.json
Cardiff-by-the-Sea,cardiff-by-the-sea.json
Encinitas,encinitas.json
Carlsbad,carlsbad.json
Rancho Santa Fe,rancho_santa_fe.json
Solana Beach,solana_beach.json
Del Mar,del_mar.json
Los Barriles,los_barriles.json
Ensenada,ensenada.json
Ensenada Blanca,ensenada_blanca.json
Valle de Guadalupe,valle_de_guadalupe.json
Ensenada Municipality,ensenada_municipality.json
San Antonio de las Minas,san_antonio_de_las_minas.json
San Jose del Cabo,san_jose_del_cabo.json
La Paz,la_paz.json
Cabo San Lucas,cabo_san_lucas.json
Cabo Pulmo,cabo_pulmo.json
Todos Santos,todos_santos.json
El Pescadero,el_pescadero.json
Santiago,santiago.json
Los Cabos,los_cabos.json
El Triunfo,el_triunfo.json
Puerto San Carlos,puerto_san_carlos.json
Baja California,baja_california.json
Baja California Sur,baja_california_sur.json
San Ignacio,san_ignacio.json
Loreto,loreto.json
Rosarito,rosarito.json
Puerto Nuevo,puerto_nuevo.json
La Salina,la_salina.json
Bahia de Los Angeles,bahia_de_los_angeles.json
San Felipe,san_felipe.json
San Ysidro,san_ysidro.json
Jacumba,jacumba.json
El Centro,el_centro.json
Campo,campo.json
Boulevard,boulevard.json
Ocotillo,ocotillo.json
Holtville,holtville.json
Tecate,tecate.json
Mexicali,mexicali.json
Calipatria,calipatria.json
Niland,niland.json
Calexico,calexico.json
Imperial,imperial.json
Lemon Grove,lemon_grove.json
Columbia,columbia.json
Vallecito,vallecito.json
Jamestown,jamestown.json
Angels Camp,angels_camp.json
Murphys,murphys.json
Chinese Camp,chinese_camp.json
Sonora,sonora.json
Twain Harte,twain_harte.json
Mountain Ranch,mountain_ranch.json
Pine Grove,pine_grove.json
Volcano,volcano.json
Kelseyville,kelseyville.json
Clearlake,clearlake.json
Middletown,middletown.json
Cobb,cobb.json
Clearlake Oaks,clearlake_oaks.json
Lakeport,lakeport.json
Nice,nice.json
Upper Lake,upper_lake.json
Lower Lake,lower_lake.json
Jackson,jackson.json
Sutter Creek,sutter_creek.json
Mokelumne Hill,mokelumne_hill.json
Fallbrook,fallbrook.json
Temecula,temecula.json
Murrieta,murrieta.json
Lake Elsinore,lake_elsinore.json
Winchester,winchester.json
Hemet,hemet.json
San Jacinto,san_jacinto.json
Santa Ysabel,santa_ysabel.json
Warner Springs,warner_springs.json
Norco,norco.json
Jurupa Valley,jurupa_valley.json
Ontario,ontario.json
Corona,corona.json
Temescal Valley,temescal_valley.json
Morongo Valley,morongo_valley.json
Fontana,fontana.json
San Dimas,san_dimas.json
Claremont,claremont.json
Upland,upland.json
Montrose,montrose.json
La Crescenta,la_crescenta.json
Montclair,montclair.json
Brea,brea.json
Yermo,yermo.json
Lucerne Valley,lucerne_valley.json
Big Bear City,big_bear_city.json
Fawnskin,fawnskin.json
Big Bear Lake,big_bear_lake.json
Big Bear Region,big_bear_region.json
Running Springs,running_springs.json
West Covina,west_covina.json
Llano,llano.json
Keene,keene.json
Tehachapi,tehachapi.json
California City,california_city.json
Inyokern,inyokern.json
Mojave,mojave.json
Randsburg,randsburg.json
Little Lake,little_lake.json
Essex,essex.json
Baker,baker.json
Olancha,olancha.json
Cima,cima.json
Amboy,amboy.json
Independence,independence.json
Lone Pine,lone_pine.json
Tecopa,tecopa.json
Nipton,nipton.json
Landers,landers.json
Newberry Springs,newberry_springs.json
Shoshone,shoshone.json
Rancho Palos Verdes,rancho_palos_verdes.json
Rolling Hills Estates,rolling_hills_estates.json
Palos Verdes Estates,palos_verdes_estates.json
Lomita,lomita.json
Torrance,torrance.json
San Fernando,san_fernando.json
Carson,carson.json
Avalon,avalon.json
Carnelian Bay,carnelian_bay.json
Tahoe Vista,tahoe_vista.json
Kings Beach,kings_beach.json
Olympic Valley,olympic_valley.json
Squaw Valley,squaw_valley.json
Spaulding,spaulding.json
Tahoma,tahoma.json
Markleeville,markleeville.json
Hope Valley,hope_valley.json
Lake Tahoe (California),lake_tahoe_(california).json
Twin Bridges,twin_bridges.json
Kirkwood,kirkwood.json
Placerville,placerville.json
Camino,camino.json
Fair Play,fair_play.json
Pollock Pines,pollock_pines.json
Somerset,somerset.json
Plymouth,plymouth.json
Fiddletown,fiddletown.json
Coloma,coloma.json
Lotus,lotus.json
Shingle Springs,shingle_springs.json
Drytown,drytown.json
Lincoln,lincoln.json
El Dorado Hills,el_dorado_hills.json
Ione,ione.json
Rescue,rescue.json
Rocklin,rocklin.json
Folsom,folsom.json
Loomis,loomis.json
Newcastle,newcastle.json
Valley Springs,valley_springs.json
Herald,herald.json
Auburn,auburn.json
Roseville,roseville.json
San Andreas,san_andreas.json
Acampo,acampo.json
Sloughhouse,sloughhouse.json
Granite Bay,granite_bay.json
Lodi,lodi.json
Gold River,gold_river.json
Rancho Cordova,rancho_cordova.json
Citrus Heights,citrus_heights.json
Fair Oaks,fair_oaks.json
Sacramento,sacramento.json
West Sacramento,west_sacramento.json
Carmichael,carmichael.json
Nevada City,nevada_city.json
Grass Valley,grass_valley.json
North Highlands,north_highlands.json
Woodland,woodland.json
Clarksburg,clarksburg.json
Elk Grove,elk_grove.json
Walnut Grove,walnut_grove.json
Galt,galt.json
Rio Vista,rio_vista.json
Pittsburg,pittsburg.json
Suisun City,suisun_city.json
Clayton,clayton.json
Antioch,antioch.json
Vacaville,vacaville.json
Concord,concord.json
Fairfield,fairfield.json
Foresthill,foresthill.json
Georgetown,georgetown.json
Colfax,colfax.json
Wheatland,wheatland.json
Sutter,sutter.json
Yuba City,yuba_city.json
Colusa,colusa.json
Butte City,butte_city.json
Willows,willows.json
Williams,williams.json
Marysville,marysville.json
Corning,corning.json
Orland,orland.json
Oroville,oroville.json
Penn Valley,penn_valley.json
Vina,vina.json
Chico,chico.json
Paradise,paradise.json
Fallen Leaf,fallen_leaf.json
Signal Hill,signal_hill.json
Manhattan Beach,manhattan_beach.json
Downey,downey.json
Lake Los Angeles,lake_los_angeles.json
Cloverdale,cloverdale.json
Hopland,hopland.json
Ukiah,ukiah.json
Redwood Valley,redwood_valley.json
Boonville,boonville.json
Comptche,comptche.json
Willits,willits.json
Philo,philo.json
Mendocino,mendocino.json
Little River,little_river.json
Caspar,caspar.json
Albion,albion.json
Fort Bragg,fort_bragg.json
Yorkville,yorkville.json
Freestone,freestone.json
Jenner,jenner.json
Sea Ranch,sea_ranch.json
Gualala,gualala.json
Point Arena,point_arena.json
Occidental,occidental.json
Petaluma,petaluma.json
Novato,novato.json
Nicasio,nicasio.json
Forest Knolls,forest_knolls.json
Bolinas,bolinas.json
Lagunitas,lagunitas.json
San Rafael,san_rafael.json
San Anselmo,san_anselmo.json
Point Reyes Station,point_reyes_station.json
Ross,ross.json
Olema,olema.json
Inverness,inverness.json
Fairfax,fairfax.json
Marshall,marshall.json
Dillon Beach,dillon_beach.json
Tomales,tomales.json
Orinda,orinda.json
Berkeley,berkeley.json
Emeryville,emeryville.json
Albany,albany.json
El Cerrito,el_cerrito.json
Richmond,richmond.json
El Sobrante,el_sobrante.json
Hercules,hercules.json
San Pablo,san_pablo.json
Pacheco,pacheco.json
Lafayette,lafayette.json
